{
  "version": 1,
  "author": "Victor Hayashi",
  "editor": "wokwi",
  "parts": [
    { "type": "wokwi-breadboard", "id": "bb1", "top": 304.2, "left": -419.6, "attrs": {} },
    { "type": "board-esp32-s3-devkitc-1", "id": "esp", "top": -0.18, "left": 4.57, "attrs": {} },
    {
      "type": "wokwi-led",
      "id": "led1",
      "top": 118.23,
      "left": 202.09,
      "attrs": { "color": "red" }
    },
    {
      "type": "wokwi-resistor",
      "id": "r1",
      "top": 210.86,
      "left": 132.83,
      "attrs": { "value": "1000" }
    },
    {
      "type": "wokwi-resistor",
      "id": "r2",
      "top": 219.34,
      "left": 205.56,
      "attrs": { "value": "1000" }
    },
    {
      "type": "wokwi-resistor",
      "id": "r3",
      "top": 221.06,
      "left": -129.72,
      "attrs": { "value": "1000" }
    },
    {
      "type": "wokwi-led",
      "id": "led2",
      "top": 186.32,
      "left": 271.67,
      "attrs": { "color": "green" }
    },
    {
      "type": "wokwi-led",
      "id": "led3",
      "top": 121.2,
      "left": -169,
      "attrs": { "color": "yellow" }
    },
    {
      "type": "wokwi-pushbutton",
      "id": "btn1",
      "top": 83,
      "left": -172.8,
      "attrs": { "color": "grey" }
    },
    {
      "type": "wokwi-resistor",
      "id": "r4",
      "top": 128.2,
      "left": -260.05,
      "rotate": 270,
      "attrs": { "value": "1000" }
    },
    {
      "type": "wokwi-photoresistor-sensor",
      "id": "ldr1",
      "top": 22.4,
      "left": -431.2,
      "attrs": {}
    }
  ],
  "connections": [
    [ "esp:TX", "$serialMonitor:RX", "", [] ],
    [ "esp:RX", "$serialMonitor:TX", "", [] ],
    [ "led3:C", "r3:1", "black", [ "h-28.32", "v66.1" ] ],
    [ "esp:9", "led3:A", "yellow", [ "h0" ] ],
    [ "r2:2", "led2:C", "black", [ "v0" ] ],
    [ "r1:2", "led1:C", "black", [ "v0" ] ],
    [ "led1:A", "esp:40", "red", [ "h48.1", "v-64.05" ] ],
    [ "r4:1", "esp:GND.1", "black", [ "h-0.85", "v95.45", "h192", "v-28.8" ] ],
    [ "led2:A", "esp:2", "green", [ "v2.08", "h29.73", "v-163.2" ] ],
    [ "esp:GND.4", "bb1:tn.50", "black", [ "h0" ] ],
    [ "r2:1", "bb1:tn.49", "green", [ "v0" ] ],
    [ "r1:1", "bb1:tn.48", "cyan", [ "v0" ] ],
    [ "r3:2", "bb1:tn.42", "green", [ "v0" ] ],
    [ "esp:3V3.1", "bb1:tp.49", "green", [ "v0" ] ],
    [ "ldr1:VCC", "bb1:tp.1", "red", [ "h0" ] ],
    [ "ldr1:GND", "bb1:tn.2", "black", [ "h0" ] ],
    [ "ldr1:AO", "esp:18", "green", [ "h0" ] ],
    [ "btn1:2.l", "r4:2", "green", [ "h0" ] ],
    [ "esp:14", "btn1:1.r", "green", [ "h-115.25", "v-115.2" ] ]
  ],
  "dependencies": {}
}